{
  "build": "hecd8cb5_1",
  "build_number": 1,
  "channel": "https://repo.anaconda.com/pkgs/main/osx-64",
  "constrains": [],
  "depends": [],
  "extracted_package_dir": "/Users/itakidev/opt/anaconda3/pkgs/ca-certificates-2021.9.30-hecd8cb5_1",
  "features": "",
  "files": [
    "ssl/cacert.pem",
    "ssl/cert.pem"
  ],
  "fn": "ca-certificates-2021.9.30-hecd8cb5_1.conda",
  "legacy_bz2_md5": "caae8feec82ff0f438a7f2c148727806",
  "license": "MPL 2.0",
  "link": {
    "source": "/Users/itakidev/opt/anaconda3/pkgs/ca-certificates-2021.9.30-hecd8cb5_1",
    "type": 1
  },
  "md5": "b047acfba77ad7ec356da91b17f3700b",
  "name": "ca-certificates",
  "package_tarball_full_path": "/Users/itakidev/opt/anaconda3/pkgs/ca-certificates-2021.9.30-hecd8cb5_1.conda",
  "paths_data": {
    "paths": [
      {
        "_path": "ssl/cacert.pem",
        "path_type": "hardlink",
        "sha256": "f524fc21859b776e18df01a87880efa198112214e13494275dbcbd9bcb71d976",
        "sha256_in_prefix": "f524fc21859b776e18df01a87880efa198112214e13494275dbcbd9bcb71d976",
        "size_in_bytes": 203007
      },
      {
        "_path": "ssl/cert.pem",
        "path_type": "softlink",
        "sha256": "f524fc21859b776e18df01a87880efa198112214e13494275dbcbd9bcb71d976",
        "size_in_bytes": 203007
      }
    ],
    "paths_version": 1
  },
  "requested_spec": "None",
  "sha256": "7287e9c8a406f72fae667809ab738e2c442bfadd905bb91a45c98c54454f96a2",
  "size": 118848,
  "subdir": "osx-64",
  "timestamp": 1633726281114,
  "track_features": "",
  "url": "https://repo.anaconda.com/pkgs/main/osx-64/ca-certificates-2021.9.30-hecd8cb5_1.conda",
  "version": "2021.9.30"
}